{"totalsupply": 119140476.94760054, "usddaily": 38.5836212832, "usdprice": 0.1519040208, "btcprice": 1.379e-05, "pricebtcusd": 11015.52, "muedaily": 254, "mncount": 145}