{"usdprice": 0.1030569652, "totalsupply": 128371334.00000028, "muedaily": 261.70212765957444, "mncount": 141, "btcprice": 1.597e-05, "pricebtcusd": 6453.16, "usddaily": 26.970227062978722}
